Username,4,16,24,63,72,84,cos similarity
user3129,0.2,0.14,0.3,0.2,0.18,0.2,0.687174833
user1541,0.3,0.2,0.3,0.2,0.3,0.2,0.656795606
user6452,0.2,0.5,0.2,0.3,0.2,0.12,0.835712324
user6119,0.2,0.46,0.02,0.8,0.14,0.2,0.997148842
user1012,0.3,0.2,0.42,0.2,0.5,0.3,0.561457532
target user,0.15,0.4,0.05,0.72,0.1,0.22,1
